SEASON_ID,Player_ID,Game_ID,GAME_DATE,MATCHUP,WL,MIN,FGM,FGA,FG_PCT,FG3M,FG3A,FG3_PCT,FTM,FTA,FT_PCT,OREB,DREB,REB,AST,STL,BLK,TOV,PF,PTS,PLUS_MINUS,VIDEO_AVAILABLE
22022,1628983,0022201200,"APR 06, 2023",OKC @ UTA,W,38,7,19,0.368,1,5,0.2,7,10,0.7,2,5,7,7,1,0,1,3,22,7,1
22022,1628983,0022201187,"APR 04, 2023",OKC @ GSW,L,34,11,17,0.647,2,4,0.5,8,9,0.889,1,4,5,7,0,0,3,5,32,-9,1
22022,1628983,0022201172,"APR 02, 2023",OKC vs. PHX,L,38,11,22,0.5,0,0,0.0,17,17,1.0,0,3,3,5,2,0,1,4,39,-6,1
22022,1628983,0022201149,"MAR 31, 2023",OKC @ IND,L,38,11,22,0.5,0,2,0.0,17,17,1.0,0,9,9,4,1,1,3,6,39,4,1
22022,1628983,0022201120,"MAR 26, 2023",OKC @ POR,W,35,9,17,0.529,0,1,0.0,13,15,0.867,2,0,2,3,4,0,3,1,31,1,1
22022,1628983,0022201106,"MAR 24, 2023",OKC @ LAL,L,36,9,22,0.409,1,3,0.333,8,9,0.889,0,5,5,8,1,1,2,4,27,2,1
22022,1628983,0022201096,"MAR 23, 2023",OKC @ LAC,L,27,10,15,0.667,1,1,1.0,9,9,1.0,0,4,4,3,1,3,2,2,30,-1,1
22022,1628983,0022201082,"MAR 21, 2023",OKC @ LAC,W,36,12,25,0.48,1,4,0.25,6,7,0.857,0,7,7,4,0,0,4,4,31,-5,1
22022,1628983,0022201064,"MAR 19, 2023",OKC vs. PHX,W,35,12,24,0.5,0,0,0.0,16,19,0.842,0,5,5,4,1,0,3,2,40,10,1
22022,1628983,0022201044,"MAR 16, 2023",OKC @ TOR,L,35,12,19,0.632,1,1,1.0,4,5,0.8,2,1,3,3,2,0,3,1,29,-17,1
22022,1628983,0022201031,"MAR 14, 2023",OKC vs. BKN,W,36,12,24,0.5,1,1,1.0,10,12,0.833,1,6,7,4,1,0,3,4,35,12,1
22022,1628983,0022201011,"MAR 11, 2023",OKC @ NOP,W,37,11,23,0.478,0,0,0.0,13,13,1.0,1,5,6,2,4,1,1,3,35,12,1
22022,1628983,0022200982,"MAR 07, 2023",OKC vs. GSW,W,36,14,24,0.583,2,5,0.4,3,4,0.75,0,3,3,6,2,0,4,4,33,-10,1
22022,1628983,0022200968,"MAR 05, 2023",OKC vs. UTA,W,37,10,17,0.588,1,2,0.5,17,19,0.895,2,5,7,4,3,1,4,4,38,5,1
22022,1628983,0022200892,"FEB 23, 2023",OKC @ UTA,L,41,12,26,0.462,0,2,0.0,15,19,0.789,2,6,8,7,2,1,2,2,39,0,1
22022,1628983,0022200880,"FEB 15, 2023",OKC vs. HOU,W,29,8,16,0.5,0,2,0.0,13,15,0.867,0,2,2,6,0,2,1,3,29,27,1
22022,1628983,0022200864,"FEB 13, 2023",OKC vs. NOP,L,39,8,21,0.381,0,2,0.0,8,9,0.889,3,7,10,5,1,0,6,4,24,9,1
22022,1628983,0022200843,"FEB 10, 2023",OKC @ POR,W,39,13,16,0.813,0,1,0.0,18,19,0.947,0,3,3,7,2,1,4,1,44,22,1
22022,1628983,0022200821,"FEB 07, 2023",OKC @ LAL,W,38,9,17,0.529,1,1,1.0,11,12,0.917,0,2,2,8,2,0,4,5,30,-2,1
22022,1628983,0022200814,"FEB 06, 2023",OKC @ GSW,L,29,6,16,0.375,0,1,0.0,8,8,1.0,0,0,0,4,0,0,0,3,20,-17,1
22022,1628983,0022200799,"FEB 04, 2023",OKC vs. HOU,W,30,14,23,0.609,0,2,0.0,14,15,0.933,0,4,4,6,3,2,0,3,42,38,1
22022,1628983,0022200773,"FEB 01, 2023",OKC @ HOU,L,34,7,23,0.304,0,3,0.0,10,10,1.0,5,3,8,4,3,0,1,5,24,-7,1
22022,1628983,0022200759,"JAN 30, 2023",OKC vs. GSW,L,37,10,24,0.417,1,2,0.5,10,10,1.0,0,4,4,7,0,3,5,3,31,-15,1
22022,1628983,0022200739,"JAN 27, 2023",OKC vs. CLE,W,35,12,21,0.571,1,1,1.0,10,11,0.909,2,3,5,8,2,1,0,2,35,14,1
22022,1628983,0022200725,"JAN 25, 2023",OKC vs. ATL,L,36,13,22,0.591,1,1,1.0,9,10,0.9,2,3,5,7,2,2,4,3,36,9,1
22022,1628983,0022200702,"JAN 22, 2023",OKC @ DEN,W,37,13,21,0.619,1,2,0.5,7,8,0.875,0,5,5,5,0,2,1,2,34,5,1
22022,1628983,0022200691,"JAN 20, 2023",OKC @ SAC,L,38,16,23,0.696,2,3,0.667,3,4,0.75,1,0,1,7,2,0,0,0,37,-10,1
22022,1628983,0022200674,"JAN 18, 2023",OKC vs. IND,W,30,7,17,0.412,1,4,0.25,8,9,0.889,1,2,3,6,3,0,2,2,23,38,1
22022,1628983,0022200651,"JAN 15, 2023",OKC @ BKN,W,36,8,17,0.471,1,4,0.25,11,14,0.786,1,6,7,1,1,1,1,0,28,0,1
22022,1628983,0022200636,"JAN 13, 2023",OKC @ CHI,W,33,7,14,0.5,0,1,0.0,7,8,0.875,0,5,5,6,4,2,2,3,21,4,1
22022,1628983,0022200626,"JAN 12, 2023",OKC @ PHI,W,35,10,16,0.625,1,1,1.0,16,16,1.0,1,7,8,6,1,2,1,2,37,11,1
22022,1628983,0022200611,"JAN 10, 2023",OKC @ MIA,L,39,9,18,0.5,2,4,0.5,6,7,0.857,0,4,4,4,3,0,6,2,26,2,1
22022,1628983,0022200602,"JAN 08, 2023",OKC vs. DAL,W,36,11,17,0.647,0,1,0.0,11,13,0.846,0,5,5,5,1,2,3,5,33,7,1
22022,1628983,0022200584,"JAN 06, 2023",OKC vs. WAS,W,33,12,23,0.522,1,4,0.25,5,6,0.833,0,3,3,4,1,2,0,4,30,25,1
22022,1628983,0022200566,"JAN 04, 2023",OKC @ ORL,L,35,8,19,0.421,0,1,0.0,17,18,0.944,1,3,4,4,1,1,3,3,33,-3,1
22022,1628983,0022200545,"DEC 31, 2022",OKC vs. PHI,L,32,4,15,0.267,1,2,0.5,5,8,0.625,2,4,6,5,0,0,2,3,14,-17,1
22022,1628983,0022200523,"DEC 29, 2022",OKC @ CHA,L,36,11,23,0.478,1,3,0.333,5,7,0.714,2,1,3,5,2,0,2,4,28,-9,1
22022,1628983,0022200511,"DEC 27, 2022",OKC vs. SAS,W,33,9,14,0.643,0,0,0.0,10,11,0.909,1,5,6,8,2,4,4,2,28,11,1
22022,1628983,0022200488,"DEC 23, 2022",OKC vs. NOP,L,43,17,29,0.586,3,4,0.75,7,9,0.778,1,9,10,6,2,1,2,4,44,-6,1
22022,1628983,0022200474,"DEC 21, 2022",OKC vs. POR,W,35,8,19,0.421,0,3,0.0,11,13,0.846,0,6,6,3,2,1,5,3,27,-1,1
22022,1628983,0022200458,"DEC 19, 2022",OKC vs. POR,W,36,10,24,0.417,1,1,1.0,14,14,1.0,0,2,2,6,1,2,2,2,35,-1,1
22022,1628983,0022200435,"DEC 16, 2022",OKC vs. MIN,L,38,11,23,0.478,3,5,0.6,10,12,0.833,1,6,7,5,1,0,5,4,35,5,1
22022,1628983,0022200419,"DEC 14, 2022",OKC vs. MIA,L,36,10,20,0.5,1,3,0.333,6,6,1.0,0,8,8,7,1,0,5,1,27,10,1
22022,1628983,0022200405,"DEC 12, 2022",OKC @ DAL,L,38,14,23,0.609,1,2,0.5,13,13,1.0,0,2,2,3,3,0,2,5,42,6,1
22022,1628983,0022200390,"DEC 10, 2022",OKC @ CLE,L,31,7,13,0.538,0,2,0.0,9,9,1.0,1,1,2,3,2,0,2,6,23,-17,1
22022,1628983,0022200368,"DEC 07, 2022",OKC @ MEM,L,34,4,14,0.286,1,4,0.25,17,19,0.895,0,3,3,7,0,1,5,0,26,-12,1
22022,1628983,0022200354,"DEC 05, 2022",OKC @ ATL,W,35,10,22,0.455,0,3,0.0,15,15,1.0,0,6,6,5,2,0,6,4,35,12,1
22022,1628983,0022200341,"DEC 03, 2022",OKC @ MIN,W,35,10,17,0.588,1,2,0.5,12,12,1.0,0,1,1,6,3,1,4,0,33,-6,1
22022,1628983,0022200304,"NOV 28, 2022",OKC @ NOP,L,36,7,21,0.333,1,6,0.167,16,18,0.889,3,3,6,4,2,0,7,4,31,-9,1
22022,1628983,0022200287,"NOV 26, 2022",OKC @ HOU,L,28,12,21,0.571,1,3,0.333,7,7,1.0,1,2,3,3,2,0,3,1,32,-9,1
22022,1628983,0022200281,"NOV 25, 2022",OKC vs. CHI,W,40,8,21,0.381,0,3,0.0,14,15,0.933,1,7,8,7,0,1,1,2,30,9,1
22022,1628983,0022200268,"NOV 23, 2022",OKC vs. DEN,L,43,8,20,0.4,1,4,0.25,14,14,1.0,1,6,7,11,2,1,1,3,31,2,1
22022,1628983,0022200254,"NOV 21, 2022",OKC vs. NYK,L,35,9,22,0.409,0,2,0.0,12,13,0.923,1,4,5,7,1,1,3,3,30,-7,1
22022,1628983,0022200229,"NOV 18, 2022",OKC @ MEM,L,34,6,18,0.333,2,4,0.5,1,1,1.0,1,5,6,6,0,1,2,4,15,-13,1
22022,1628983,0022200213,"NOV 16, 2022",OKC @ WAS,W,35,14,22,0.636,2,3,0.667,12,17,0.706,2,4,6,7,0,1,2,1,42,9,1
22022,1628983,0022200201,"NOV 14, 2022",OKC @ BOS,L,36,13,26,0.5,2,4,0.5,9,9,1.0,1,3,4,8,2,1,4,2,37,-3,1
22022,1628983,0022200192,"NOV 13, 2022",OKC @ NYK,W,36,13,22,0.591,2,3,0.667,9,10,0.9,0,5,5,8,3,2,6,2,37,4,1
22022,1628983,0022200179,"NOV 11, 2022",OKC vs. TOR,W,28,8,14,0.571,1,2,0.5,3,4,0.75,0,3,3,4,3,1,3,2,20,13,1
22022,1628983,0022200168,"NOV 09, 2022",OKC vs. MIL,L,46,13,25,0.52,2,5,0.4,11,13,0.846,1,3,4,4,0,2,4,5,39,3,1
22022,1628983,0022200146,"NOV 07, 2022",OKC @ DET,L,38,13,23,0.565,0,0,0.0,7,7,1.0,2,5,7,5,1,4,1,2,33,-8,1
22022,1628983,0022200136,"NOV 05, 2022",OKC @ MIL,L,32,7,16,0.438,0,1,0.0,4,5,0.8,0,1,1,3,1,1,2,3,18,-19,1
22022,1628983,0022200119,"NOV 03, 2022",OKC vs. DEN,L,35,13,17,0.765,0,0,0.0,11,11,1.0,1,3,4,3,2,0,4,3,37,-6,1
22022,1628983,0022200105,"NOV 01, 2022",OKC vs. ORL,W,33,12,18,0.667,0,3,0.0,10,11,0.909,0,4,4,6,3,2,5,2,34,-2,1
22022,1628983,0022200086,"OCT 29, 2022",OKC @ DAL,W,41,15,27,0.556,0,2,0.0,8,8,1.0,2,4,6,9,2,1,3,2,38,20,1
22022,1628983,0022200067,"OCT 27, 2022",OKC vs. LAC,W,34,10,23,0.435,2,4,0.5,2,2,1.0,1,4,5,6,3,0,3,4,24,12,1
22022,1628983,0022200054,"OCT 25, 2022",OKC vs. LAC,W,37,11,22,0.5,2,2,1.0,9,9,1.0,1,4,5,8,3,3,2,0,33,23,1
22022,1628983,0022200035,"OCT 22, 2022",OKC @ DEN,L,34,11,24,0.458,1,5,0.2,5,5,1.0,0,3,3,7,1,0,5,4,28,-6,1
22022,1628983,0022200010,"OCT 19, 2022",OKC @ MIN,L,37,12,23,0.522,2,6,0.333,6,6,1.0,2,4,6,5,3,2,2,1,32,-1,1
